,1. open,2. high,3. low,4. close,5. volume,absolute_range,relative_range_pct
2025-10-20,298.5,303.69,298.1601,302.36,6894943.0,5.529899999999998,1.8289125545707097
2025-10-21,301.66,304.05,297.0,297.09,7372671.0,7.050000000000011,2.373018277289714
2025-10-22,297.77,298.0599,290.5448,294.11,8054115.0,7.515100000000018,2.555200435211322
2025-10-23,294.38,296.3699,292.51,294.54,5438810.0,3.859899999999982,1.3104841447681068
2025-10-24,296.08,302.6,295.45,300.44,7228330.0,7.150000000000034,2.3798428970842878
2025-10-27,302.16,304.53,301.01,304.15,5642222.0,3.519999999999982,1.1573236889692526
2025-10-28,304.86,307.9674,303.16,305.36,6335993.0,4.807399999999973,1.574338485721762
2025-10-29,303.51,308.245,303.01,305.51,7520324.0,5.235000000000014,1.713528198749636
2025-10-30,305.79,312.61,305.1,309.44,7514556.0,7.509999999999991,2.4269648397104415
2025-10-31,308.54,312.87,307.25,311.12,7721297.0,5.6200000000000045,1.8063769606582685
2025-11-03,311.0,312.32,306.21,309.35,7770040.0,6.110000000000014,1.9751090997252345
2025-11-04,306.71,312.22,305.1,309.25,7085164.0,7.1200000000000045,2.302344381568312
2025-11-05,309.61,313.1,305.63,311.68,6832481.0,7.470000000000027,2.3966889117043206
2025-11-06,310.99,314.84,310.26,313.42,7206111.0,4.579999999999984,1.4612979388679674
2025-11-07,311.89,314.43,307.642,314.21,7302347.0,6.788000000000011,2.1603386270328797
2025-11-10,315.0,319.555,314.21,316.89,5794505.0,5.345000000000027,1.686705165830423
2025-11-11,317.5,319.05,315.28,315.62,5030216.0,3.7700000000000387,1.194474367910791
2025-11-12,316.26,322.25,316.21,320.41,10578266.0,6.0400000000000205,1.885084735183053
2025-11-13,319.23,320.6325,309.1,309.48,8973258.0,11.53249999999997,3.7264120460126566
2025-11-14,307.51,307.64,301.23,303.61,10326983.0,6.409999999999968,2.111261157405872
2025-11-17,304.0,305.59,297.6714,300.37,8344046.0,7.918599999999969,2.636281918966598
2025-11-18,299.5,302.945,297.02,299.41,8077315.0,5.925000000000011,1.9788918205804786
2025-11-19,299.74,304.4499,299.265,303.27,5546555.0,5.184900000000027,1.7096646552577002
2025-11-20,306.34,309.92,298.16,298.38,7501582.0,11.759999999999991,3.941282927810172
2025-11-21,301.29,301.68,292.8101,298.02,11766810.0,8.86990000000003,2.9762767599490068
2025-11-24,298.24,299.82,294.51,298.0,10940186.0,5.310000000000002,1.7818791946308734
2025-11-25,300.05,304.5,295.56,303.0,8877188.0,8.939999999999998,2.9504950495049496
2025-11-26,305.0,308.525,303.2,307.64,7910851.0,5.324999999999989,1.730919256273563
2025-11-28,309.1,313.72,308.24,313.08,4322448.0,5.480000000000018,1.7503513478983066
2025-12-01,312.95,314.04,308.54,308.92,7727324.0,5.5,1.7803962190858473
2025-12-02,308.74,310.48,307.09,307.88,7249043.0,3.390000000000043,1.101078342211265
2025-12-03,307.2,312.36,306.8,312.13,8535260.0,5.560000000000002,1.7813090699388083
2025-12-04,313.26,318.49,313.0,316.1,9627834.0,5.490000000000009,1.7367921543815275
2025-12-05,315.64,318.48,314.68,315.04,6518908.0,3.8000000000000114,1.2061960385982768
2025-12-08,315.06,316.47,313.3501,315.21,6996450.0,3.1199000000000296,0.9897845880524191
2025-12-09,314.95,318.8,300.02,300.51,17731748.0,18.78000000000003,6.249376060696825
2025-12-10,300.5,311.19,298.46,310.11,18874092.0,12.730000000000018,4.1049950017735695
2025-12-11,309.24,318.0,309.24,317.38,9721859.0,8.759999999999991,2.7600983048711294
2025-12-12,319.68,320.27,316.6013,318.52,8982911.0,3.668700000000001,1.1517958056009046
2025-12-15,319.59,322.88,318.39,320.02,10864122.0,4.490000000000009,1.4030373101681175
2025-12-16,319.09,319.52,314.4,315.55,8331336.0,5.1200000000000045,1.622563777531296
2025-12-17,318.43,319.37,314.66,314.98,8718653.0,4.7099999999999795,1.495333037018217
2025-12-18,316.0,317.7,312.22,313.0,11444909.0,5.479999999999961,1.7507987220447159
2025-12-19,313.79,318.56,313.19,317.21,24494412.0,5.3700000000000045,1.692884839696102
2025-12-22,317.51,323.23,317.51,323.09,8354588.0,5.720000000000027,1.7704045312451726
2025-12-23,323.61,327.78,323.09,325.93,6668305.0,4.689999999999998,1.4389592857362001
2025-12-24,326.24,329.99,325.5014,329.17,4289306.0,4.4886000000000195,1.3636115077315731
2025-12-26,329.11,330.86,326.54,327.91,4158293.0,4.319999999999993,1.317434661949923
2025-12-29,327.0,327.77,323.53,323.75,8635338.0,4.240000000000009,1.3096525096525125
2025-12-30,324.81,324.94,322.49,323.42,7904263.0,2.4499999999999886,0.7575289097767574
2025-12-31,324.34,324.875,322.04,322.22,5048531.0,2.8349999999999795,0.8798336540251938
2026-01-02,322.5,325.73,320.74,325.48,8054040.0,4.990000000000009,1.5331203146122676
2026-01-05,325.5,337.25,325.19,334.04,10752627.0,12.060000000000002,3.610346066339361
2026-01-06,332.62,335.87,330.65,334.61,7660787.0,5.220000000000027,1.560025103852254
2026-01-07,331.14,332.1499,324.6,326.99,9815240.0,7.54989999999998,2.3089085293128164
2026-01-08,326.39,331.4,325.65,329.79,11737068.0,5.75,1.7435337639103672
2026-01-09,329.34,331.9,328.17,329.19,6738143.0,3.7299999999999613,1.1330842370667278
2026-01-12,321.884,326.02,321.23,324.49,12805062.0,4.789999999999964,1.4761625936084204
2026-01-13,324.3,326.86,310.572,310.9,19371171.0,16.28800000000001,5.238983596011583
2026-01-14,308.2,311.76,306.12,307.87,25951464.0,5.639999999999986,1.83194205346412
2026-01-15,308.47,312.94,307.75,309.26,14751447.0,5.189999999999998,1.6781995731746744
2026-01-16,310.35,317.21,310.0,312.47,14652508.0,7.2099999999999795,2.30742151246519
2026-01-20,306.21,311.15,301.86,302.74,12670888.0,9.289999999999964,3.0686397568870856
2026-01-21,303.425,305.4,301.15,302.04,10270144.0,4.25,1.4070983975632365
2026-01-22,304.86,308.2,302.9,303.63,10535822.0,5.300000000000011,1.745545565326223
2026-01-23,302.0,302.37,296.51,297.72,11107925.0,5.860000000000014,1.9682923552331093
2026-01-26,297.81,301.775,297.45,301.04,11752666.0,4.324999999999989,1.436686154663828
2026-01-27,301.33,301.97,298.15,300.31,11328683.0,3.82000000000005,1.2720189137891014
2026-01-28,300.27,301.92,298.05,300.77,9556743.0,3.8700000000000045,1.2866974764770438
2026-01-29,302.4,306.83,302.215,306.42,11579987.0,4.615000000000009,1.5061027348084357
2026-01-30,305.25,307.93,302.555,305.89,11953180.0,5.375,1.7571676092713067
2026-02-02,304.46,309.3,301.37,308.14,9839360.0,7.930000000000007,2.573505549425588
2026-02-03,309.73,316.25,309.095,314.85,11022015.0,7.154999999999973,2.2725107193901772
2026-02-04,314.405,319.305,314.405,317.27,9848802.0,4.900000000000034,1.5444258833170594
2026-02-05,315.0,316.01,305.54,310.16,9387999.0,10.46999999999997,3.3756770698993974
2026-02-06,314.71,324.245,314.71,322.4,17797443.0,9.535000000000025,2.957506203473953
2026-02-09,321.34,326.4,320.1149,322.1,11477473.0,6.2851,1.9512884197454203
2026-02-10,322.55,326.125,315.1201,318.28,9902224.0,11.00490000000002,3.457615935654148
2026-02-11,323.24,325.28,308.7301,310.82,8703519.0,16.54989999999998,5.324593012032682
2026-02-12,312.28,313.62,300.02,302.64,13443363.0,13.600000000000023,4.493787998942646
2026-02-13,298.52,304.29,296.52,302.55,9114526.0,7.770000000000039,2.5681705503222734
2026-02-17,302.76,308.24,302.5,307.13,8896753.0,5.740000000000009,1.8689154429720343
2026-02-18,308.46,312.28,307.22,308.78,7209556.0,5.059999999999945,1.6387071701534899
2026-02-19,307.17,309.18,305.12,308.05,6737705.0,4.060000000000002,1.317967862360007
2026-02-20,308.4,311.0,305.68,310.79,7792735.0,5.319999999999993,1.711766787863185
2026-02-23,308.8,311.0,295.1,297.67,12955428.0,15.899999999999977,5.341485537675942
2026-02-24,296.82,299.75,291.38,297.3,13554127.0,8.370000000000005,2.8153380423814345
2026-02-25,298.64,303.6599,297.01,303.3,8095520.0,6.649900000000002,2.192515661061656
2026-02-26,304.58,309.01,303.64,306.13,7007804.0,5.3700000000000045,1.7541567308006416
2026-02-27,300.0,302.95,294.45,300.3,18620786.0,8.5,2.8305028305028306
2026-03-02,294.81,299.9799,293.21,297.56,8508910.0,6.769900000000007,2.2751377873370098
2026-03-03,292.285,302.39,289.5,300.26,10278216.0,12.889999999999986,4.2929461133684095
2026-03-04,299.99,301.0,295.82,299.39,8055673.0,5.180000000000007,1.7301847089081155
2026-03-05,297.98,301.24,292.43,293.55,12732488.0,8.810000000000002,3.001192301141203
2026-03-06,286.34,289.99,283.71,289.48,13496526.0,6.28000000000003,2.169407212933546
2026-03-09,285.5,291.0999,280.45,289.92,12241052.0,10.649900000000002,3.673392660044151
2026-03-10,289.29,292.75,287.18,288.73,8344876.0,5.569999999999993,1.9291379489488423
2026-03-11,288.81,290.4825,284.86,287.52,10204994.0,5.622500000000002,1.9555161380077914
2026-03-12,282.83,283.88,279.1,282.89,13760505.0,4.779999999999973,1.6897027113012029
2026-03-13,284.665,287.19,282.95,283.44,9091183.0,4.240000000000009,1.495907423087782
